inventory_id,fig_num,quantity
3,fig-001549,1
4,fig-000764,1
19,fig-000555,1
25,fig-000574,1
27,fig-000359,1
34,fig-001539,1
42,fig-001079,1
54,fig-001155,1
63,fig-000061,2
65,fig-000539,1
67,fig-000419,1
73,fig-002163,1
73,fig-002164,1
73,fig-002165,1
73,fig-002166,1
84,fig-001047,1
86,fig-001309,1
100,fig-001429,1
102,fig-001216,1
105,fig-000419,1
106,fig-000255,1
112,fig-002423,2
112,fig-002424,1
112,fig-002425,1
112,fig-002426,1
118,fig-000320,1
123,fig-002587,1
123,fig-002588,1
132,fig-000707,1
173,fig-001111,1
179,fig-000194,1
182,fig-001329,1
185,fig-000175,1
194,fig-000227,1
206,fig-002267,1
206,fig-002268,1
206,fig-002271,1
206,fig-002272,1
206,fig-002274,1
206,fig-002276,1
212,fig-001043,1
220,fig-000339,1
221,fig-001205,1
224,fig-001508,1
226,fig-000125,1
232,fig-000487,1
233,fig-002161,1
238,fig-000352,1
243,fig-001442,1
258,fig-001081,1
259,fig-001172,1
262,fig-001053,1
268,fig-000648,1
276,fig-001157,1
286,fig-000768,1
294,fig-000864,1
299,fig-001399,1
301,fig-000061,1
302,fig-000510,1
303,fig-000263,1
326,fig-001029,1
334,fig-001351,1
335,fig-000236,2
337,fig-000341,2
350,fig-000065,3
357,fig-000149,1
369,fig-000068,1
374,fig-000692,1
378,fig-000956,1
385,fig-000729,1
397,fig-000656,1
401,fig-000130,1
404,fig-000807,1
411,fig-000100,1
434,fig-002773,1
434,fig-002774,1
434,fig-002775,1
440,fig-000312,1
446,fig-000020,1
447,fig-001561,1
452,fig-000397,1
457,fig-000504,1
472,fig-000195,1
477,fig-001147,1
498,fig-001134,2
502,fig-000775,1
512,fig-001024,1
517,fig-000560,1
538,fig-000853,1
547,fig-000532,1
551,fig-000523,1
560,fig-000262,1
575,fig-000090,1
576,fig-000023,1
587,fig-000738,1
589,fig-000186,1
591,fig-001293,1
595,fig-000472,1
599,fig-001529,1
601,fig-000675,1
603,fig-000449,1
613,fig-001499,1
637,fig-001516,1
642,fig-000052,1
647,fig-000109,1
647,fig-000447,1
647,fig-002512,1
653,fig-001436,1
655,fig-001348,1
659,fig-000252,1
660,fig-000129,1
676,fig-000219,1
680,fig-000653,1
685,fig-000837,1
706,fig-000045,1
722,fig-000669,1
728,fig-000070,1
728,fig-000406,1
741,fig-000588,1
751,fig-000208,1
755,fig-000109,1
763,fig-000198,1
780,fig-000259,1
786,fig-001411,1
791,fig-000097,1
808,fig-000070,1
808,fig-000406,1
811,fig-000697,1
827,fig-000919,1
840,fig-000536,1
844,fig-000271,1
856,fig-001261,1
866,fig-000248,1
870,fig-000027,1
875,fig-000610,1
899,fig-000315,1
911,fig-000249,1
915,fig-001307,1
926,fig-000697,1
932,fig-000722,1
970,fig-000869,1
987,fig-000535,1
988,fig-000165,1
995,fig-002491,1
995,fig-002492,1
995,fig-002493,1
995,fig-002495,1
995,fig-002496,1
995,fig-002497,1
995,fig-002498,1
995,fig-002499,1
995,fig-002500,1
995,fig-002501,1
997,fig-000741,1
1002,fig-002303,1
1002,fig-002304,1
1002,fig-002305,1
1011,fig-000327,1
1013,fig-001041,1
1015,fig-001280,1
1033,fig-001001,1
1036,fig-000129,1
1038,fig-000631,1
1041,fig-001118,1
1090,fig-000741,1
1090,fig-002308,2
1094,fig-000065,2
1101,fig-000748,1
1108,fig-001127,1
1112,fig-001875,1
1128,fig-001420,1
1138,fig-000622,1
1161,fig-000762,2
1171,fig-000406,5
1175,fig-000878,1
1191,fig-000875,1
1192,fig-000525,1
1194,fig-000501,1
1200,fig-000911,1
1214,fig-000718,1
1215,fig-001378,1
1250,fig-000582,1
1253,fig-000075,1
1274,fig-001362,1
1279,fig-001244,1
1281,fig-000018,1
1291,fig-000327,1
1298,fig-000078,1
1321,fig-000195,1
1321,fig-000464,1
1321,fig-000526,1
1321,fig-000629,1
1321,fig-000631,1
1321,fig-000802,1
1321,fig-002226,1
1321,fig-002229,3
1324,fig-000716,1
1325,fig-000073,1
1338,fig-000406,5
1360,fig-001332,1
1368,fig-001541,1
1387,fig-000065,1
1391,fig-000166,1
1394,fig-000511,1
1399,fig-000840,1
1399,fig-002446,1
1399,fig-002447,1
1399,fig-002448,1
1402,fig-000672,1
1405,fig-000263,1
1414,fig-000020,2
1419,fig-000207,1
1435,fig-000367,1
1436,fig-000415,1
1437,fig-000065,1
1454,fig-000113,1
1472,fig-000887,1
1478,fig-001511,1
1494,fig-001160,1
1498,fig-000624,1
1499,fig-000971,1
1503,fig-000654,1
1517,fig-001022,1
1531,fig-000346,1
1534,fig-000635,1
1555,fig-002431,1
1566,fig-002057,1
1566,fig-002543,1
1566,fig-002544,1
1566,fig-002545,1
1578,fig-001470,1
1579,fig-002482,1
1580,fig-001545,1
1585,fig-001184,2
1608,fig-000609,1
1611,fig-000409,1
1619,fig-000004,1
1630,fig-001804,1
1639,fig-001051,1
1646,fig-000885,1
1654,fig-000941,1
1655,fig-000813,1
1656,fig-001035,1
1661,fig-000558,1
1662,fig-000508,1
1669,fig-001007,1
1686,fig-000234,1
1702,fig-000297,1
1705,fig-001326,1
1710,fig-001008,1
1713,fig-000361,1
1736,fig-000030,1
1749,fig-002589,1
1749,fig-002590,1
1749,fig-002591,1
1756,fig-001203,1
1766,fig-001150,1
1772,fig-000141,1
1785,fig-000195,1
1785,fig-000359,1
1785,fig-000622,1
1785,fig-000631,1
1790,fig-001538,1
1796,fig-000020,1
1808,fig-001047,1
1809,fig-001254,1
1809,fig-002704,1
1821,fig-000614,1
1848,fig-000776,1
1856,fig-000110,1
1860,fig-000022,1
1864,fig-000770,1
1868,fig-001485,1
1875,fig-002585,1
1875,fig-002586,1
1880,fig-001259,1
1886,fig-000960,1
1889,fig-000349,1
1914,fig-001501,1
1922,fig-000742,1
1927,fig-000782,3
1934,fig-000127,1
1950,fig-001004,1
1952,fig-001161,1
1954,fig-000032,1
1962,fig-000413,1
1966,fig-000733,1
1968,fig-000948,1
1974,fig-001290,1
1976,fig-000064,1
1983,fig-000407,1
1985,fig-000565,1
1986,fig-000962,1
1993,fig-001143,1
2010,fig-000403,1
2013,fig-000201,1
2016,fig-001241,1
2046,fig-000443,1
2053,fig-001126,1
2059,fig-000800,1
2067,fig-000508,1
2085,fig-000025,1
2087,fig-001122,1
2096,fig-000205,1
2109,fig-000883,1
2112,fig-002711,1
2117,fig-000573,1
2118,fig-002256,1
2118,fig-002278,1
2118,fig-002292,1
2118,fig-002296,1
2125,fig-000020,1
2129,fig-000359,1
2129,fig-000464,1
2129,fig-000526,1
2129,fig-000629,1
2129,fig-000631,1
2129,fig-002226,1
2129,fig-002232,2
2144,fig-001108,1
2150,fig-000341,1
2162,fig-000725,1
2164,fig-000355,1
2176,fig-001527,1
2185,fig-001465,1
2201,fig-000004,1
2205,fig-000780,1
2209,fig-000373,1
2224,fig-000824,1
2228,fig-000371,1
2234,fig-000771,1
2241,fig-001085,1
2244,fig-000871,1
2247,fig-000671,1
2252,fig-000967,1
2252,fig-002440,1
2260,fig-000570,1
2261,fig-001199,1
2262,fig-001345,1
2272,fig-000250,1
2282,fig-000889,1
2285,fig-001282,1
2297,fig-001514,1
2314,fig-000371,1
2328,fig-001187,1
2334,fig-001090,1
2352,fig-001422,1
2359,fig-000132,1
2366,fig-000802,1
2368,fig-000633,1
2371,fig-000426,1
2371,fig-002723,1
2371,fig-002724,1
2371,fig-002725,1
2376,fig-000552,1
2385,fig-000939,1
2386,fig-000134,1
2388,fig-001170,1
2390,fig-000108,1
2393,fig-001168,1
2398,fig-000541,1
2399,fig-000331,1
2403,fig-001474,1
2416,fig-000602,1
2428,fig-000585,1
2431,fig-000900,1
2466,fig-000931,1
2472,fig-000503,2
2475,fig-000309,1
2479,fig-000169,1
2484,fig-000646,1
2485,fig-001252,1
2491,fig-000642,2
2492,fig-001273,1
2493,fig-000359,1
2494,fig-001171,1
2499,fig-001112,1
2523,fig-001131,1
2536,fig-002483,1
2548,fig-000280,1
2550,fig-001219,1
2566,fig-000731,1
2573,fig-000213,1
2573,fig-000417,1
2573,fig-000447,1
2573,fig-002577,1
2574,fig-000862,1
2578,fig-001058,1
2599,fig-001385,1
2603,fig-000662,1
2607,fig-001301,1
2615,fig-000965,1
2627,fig-000303,1
2627,fig-002330,1
2630,fig-000706,1
2639,fig-000742,1
2642,fig-000093,1
2642,fig-000096,1
2642,fig-000415,2
2651,fig-000855,1
2653,fig-000147,1
2668,fig-000891,1
2670,fig-000712,1
2691,fig-001164,1
2693,fig-001201,1
2694,fig-000004,1
2700,fig-001254,1
2709,fig-000879,1
2709,fig-002470,1
2712,fig-000961,1
2717,fig-002309,1
2717,fig-002310,1
2717,fig-002311,1
2726,fig-000372,1
2745,fig-000769,1
2748,fig-000284,1
2757,fig-000088,1
2759,fig-000076,1
2760,fig-000530,1
2764,fig-001417,1
2766,fig-000225,1
2768,fig-001270,1
2777,fig-000886,1
2778,fig-000742,1
2779,fig-001197,1
2799,fig-000827,1
2801,fig-000456,1
2822,fig-000411,1
2828,fig-001369,1
2841,fig-001262,1
2846,fig-000233,1
2846,fig-002334,1
2859,fig-000334,1
2870,fig-001283,1
2881,fig-000246,1
2887,fig-000803,1
2888,fig-001296,1
2925,fig-001357,1
2952,fig-001222,1
2959,fig-000467,1
2973,fig-001295,1
2985,fig-000895,1
2995,fig-000096,1
3016,fig-002248,1
3025,fig-000989,1
3037,fig-000583,1
3040,fig-000061,1
3042,fig-000224,1
3045,fig-000341,1
3057,fig-002485,1
3057,fig-002486,1
3057,fig-002487,1
3079,fig-000444,1
3090,fig-001495,1
3098,fig-001234,1
3102,fig-000655,1
3105,fig-000734,1
3106,fig-000377,1
3111,fig-000034,1
3111,fig-000657,1
3120,fig-001530,1
3121,fig-000708,1
3122,fig-000059,1
3143,fig-000237,5
3160,fig-000292,1
3167,fig-000618,1
3168,fig-000327,1
3168,fig-000748,1
3168,fig-002241,1
3168,fig-002242,1
3168,fig-002243,1
3173,fig-002428,1
3181,fig-000246,1
3184,fig-002727,1
3184,fig-002728,1
3188,fig-001089,1
3190,fig-001191,1
3193,fig-000759,2
3202,fig-000307,1
3204,fig-000190,1
3215,fig-001376,1
3218,fig-001521,1
3219,fig-002354,1
3219,fig-002355,1
3224,fig-001274,1
3230,fig-000584,1
3231,fig-000703,1
3235,fig-002264,1
3239,fig-000098,1
3262,fig-000641,1
3264,fig-000035,1
3274,fig-001191,1
3288,fig-001389,1
3297,fig-000030,1
3297,fig-000061,1
3297,fig-000749,1
3302,fig-000830,1
3310,fig-000098,1
3317,fig-000138,1
3320,fig-000021,1
3321,fig-000988,1
3331,fig-001342,1
3336,fig-000279,1
3347,fig-000866,1
3348,fig-000396,1
3350,fig-000454,1
3352,fig-000014,1
3356,fig-000098,1
3371,fig-002415,1
3371,fig-002416,1
3386,fig-000828,1
3388,fig-000543,1
3394,fig-000102,1
3396,fig-000742,3
3399,fig-001444,1
3403,fig-000362,1
3404,fig-000200,1
3413,fig-001534,1
3414,fig-000086,1
3416,fig-001382,1
3418,fig-001291,1
3420,fig-000667,1
3444,fig-000839,1
3445,fig-000085,1
3446,fig-001338,1
3453,fig-001425,1
3463,fig-000843,1
3465,fig-000856,1
3471,fig-000229,1
3473,fig-001390,1
3489,fig-001038,1
3490,fig-000998,1
3501,fig-001498,1
3505,fig-001257,1
3508,fig-001167,1
3509,fig-001070,1
3519,fig-000324,1
3531,fig-000906,1
3532,fig-000093,1
3540,fig-000428,1
3548,fig-000930,1
3561,fig-000621,1
3581,fig-001284,1
3582,fig-000123,1
3585,fig-000557,1
3589,fig-000581,1
3594,fig-000498,1
3598,fig-000424,1
3600,fig-000282,1
3602,fig-002349,1
3602,fig-002350,1
3602,fig-002351,1
3606,fig-000742,1
3609,fig-000056,1
3612,fig-000285,2
3619,fig-000625,1
3626,fig-001221,1
3627,fig-000967,1
3629,fig-000060,1
3647,fig-000341,2
3648,fig-000272,1
3653,fig-000219,1
3653,fig-002339,1
3653,fig-002340,1
3653,fig-002341,1
3662,fig-001094,1
3662,fig-002412,1
3662,fig-002413,1
3662,fig-002414,1
3686,fig-002254,1
3686,fig-002299,1
3698,fig-000415,2
3700,fig-001316,1
3710,fig-000358,1
3717,fig-001446,1
3720,fig-000452,1
3720,fig-002470,1
3725,fig-000150,1
3726,fig-000194,1
3727,fig-000061,1
3736,fig-000888,1
3742,fig-000739,1
3745,fig-000787,1
3747,fig-000631,1
3747,fig-002235,1
3756,fig-000159,1
3776,fig-000791,1
3786,fig-000690,1
3788,fig-000964,1
3794,fig-000243,1
3801,fig-002398,1
3801,fig-002399,1
3809,fig-000225,1
3831,fig-002267,1
3831,fig-002277,1
3838,fig-001302,1
3838,fig-002218,1
3838,fig-002219,1
3838,fig-002220,1
3846,fig-000389,1
3859,fig-001011,1
3864,fig-001265,1
3866,fig-000484,1
3870,fig-000361,1
3893,fig-000220,1
3899,fig-000359,1
3909,fig-000020,1
3915,fig-000640,1
3921,fig-002321,1
3925,fig-000982,1
3927,fig-002172,1
3927,fig-002173,1
3927,fig-002174,1
3928,fig-000400,1
3938,fig-001226,1
3945,fig-000953,1
3953,fig-001525,1
3954,fig-001477,1
3967,fig-000763,1
3985,fig-000133,1
3988,fig-000629,1
3988,fig-002227,1
3988,fig-002230,1
3990,fig-000407,1
3990,fig-002483,1
3990,fig-002484,1
3992,fig-001906,1
3992,fig-002508,1
3992,fig-002559,1
3994,fig-001395,1
3997,fig-000457,1
4003,fig-000323,1
4016,fig-000329,1
4026,fig-000915,1
4029,fig-000057,1
4034,fig-000253,1
4040,fig-001250,1
4043,fig-001528,1
4060,fig-000854,1
4063,fig-000893,1
4070,fig-000458,1
4073,fig-001554,1
4081,fig-000195,1
4081,fig-000464,1
4081,fig-000629,1
4081,fig-002224,1
4081,fig-002229,1
4093,fig-001240,1
4114,fig-000386,1
4120,fig-001548,1
4132,fig-000099,1
4138,fig-000008,1
4138,fig-000009,1
4138,fig-000010,1
4138,fig-000011,1
4138,fig-000012,1
4138,fig-000013,1
4153,fig-000185,1
4154,fig-001419,1
4156,fig-001023,1
4159,fig-000126,1
4164,fig-000777,1
4184,fig-002506,2
4185,fig-001142,1
4192,fig-001017,1
4195,fig-001176,1
4214,fig-000628,1
4219,fig-000319,1
4234,fig-000275,1
4239,fig-000534,1
4246,fig-001213,1
4268,fig-002156,1
4268,fig-002177,1
4268,fig-002178,1
4268,fig-002179,1
4268,fig-002183,1
4268,fig-002185,1
4270,fig-000720,1
4276,fig-001192,1
4286,fig-000499,1
4290,fig-001769,1
4290,fig-002751,1
4290,fig-002752,1
4290,fig-002753,1
4296,fig-000447,1
4296,fig-002511,1
4297,fig-001063,1
4303,fig-000833,1
4309,fig-001346,1
4322,fig-002386,1
4322,fig-002387,1
4329,fig-001460,1
4339,fig-000148,1
4361,fig-001195,1
4369,fig-000422,1
4369,fig-002578,1
4375,fig-000093,1
4381,fig-000182,1
4389,fig-000381,1
4391,fig-000838,1
4392,fig-002437,1
4402,fig-000415,1
4408,fig-000079,1
4412,fig-000486,1
4418,fig-000927,1
4422,fig-000750,1
4443,fig-001341,1
4444,fig-000375,1
4455,fig-000082,1
4464,fig-000534,1
4469,fig-000904,1
4480,fig-000868,1
4481,fig-000699,1
4482,fig-000084,1
4492,fig-000170,1
4500,fig-000376,1
4502,fig-002342,1
4502,fig-002343,1
4502,fig-002344,1
4516,fig-000083,1
4516,fig-000149,1
4516,fig-001490,1
4516,fig-002570,1
4538,fig-001229,1
4539,fig-000316,1
4545,fig-000061,1
4558,fig-001211,1
4578,fig-001135,1
4579,fig-000626,1
4584,fig-002370,1
4584,fig-002371,1
4587,fig-000752,1
4589,fig-000456,1
4589,fig-002331,1
4592,fig-000203,1
4596,fig-001427,1
4605,fig-000105,1
4607,fig-000378,1
4609,fig-000098,2
4612,fig-000658,1
4620,fig-001486,1
4624,fig-000518,1
4635,fig-000474,1
4646,fig-000691,1
4649,fig-000857,1
4652,fig-000113,1
4654,fig-000733,1
4663,fig-000359,1
4663,fig-001119,1
4663,fig-002224,1
4663,fig-002225,1
4663,fig-002229,2
4663,fig-002251,1
4663,fig-002252,1
4667,fig-000069,1
4669,fig-000479,1
4670,fig-000177,1
4676,fig-000489,1
4684,fig-001279,1
4686,fig-000192,1
4686,fig-002374,1
4686,fig-002375,1
4687,fig-000261,1
4698,fig-001512,1
4699,fig-000860,1
4701,fig-001027,1
4712,fig-000083,1
4712,fig-000712,1
4712,fig-000878,1
4732,fig-000773,1
4737,fig-000799,1
4744,fig-000611,1
4745,fig-000561,1
4746,fig-000616,1
4752,fig-001210,1
4754,fig-000342,1
4776,fig-000801,1
4779,fig-000493,1
4791,fig-001003,1
4811,fig-000482,1
4828,fig-000809,4
4844,fig-001537,1
4846,fig-001344,1
4847,fig-000146,1
4849,fig-000217,1
4854,fig-001297,1
4860,fig-001327,1
4862,fig-000676,1
4871,fig-000058,1
4884,fig-001162,1
4889,fig-001082,1
4893,fig-000208,1
4894,fig-000702,1
4895,fig-000822,1
4906,fig-000784,1
4909,fig-000004,1
4914,fig-000870,1
4928,fig-000357,1
4934,fig-000495,1
4938,fig-000258,1
4946,fig-002316,1
4946,fig-002319,1
4946,fig-002320,1
4946,fig-002323,1
4951,fig-000512,1
4953,fig-000285,1
4954,fig-000065,1
4959,fig-000596,1
4961,fig-002429,1
4961,fig-002430,1
4989,fig-000048,1
4990,fig-000184,1
5003,fig-000767,1
5004,fig-000187,2
5013,fig-000176,1
5018,fig-002360,1
5018,fig-002361,1
5018,fig-002362,1
5018,fig-002363,1
5021,fig-000317,1
5027,fig-000341,1
5052,fig-000882,1
5061,fig-000756,1
5067,fig-000817,1
5098,fig-000353,1
5104,fig-000291,1
5125,fig-000674,1
5128,fig-000127,1
5134,fig-000225,1
5138,fig-001180,1
5142,fig-000500,1
5146,fig-000339,1
5152,fig-002345,1
5152,fig-002346,1
5163,fig-001428,1
5164,fig-000894,1
5171,fig-000305,1
5173,fig-000630,1
5178,fig-001149,1
5180,fig-002156,1
5180,fig-002161,1
5180,fig-002192,1
5180,fig-002196,1
5180,fig-002197,1
5188,fig-001271,1
5191,fig-001209,1
5198,fig-000664,1
5202,fig-001178,1
5206,fig-001489,1
5208,fig-001159,1
5210,fig-000088,1
5222,fig-001451,1
5225,fig-000061,1
5232,fig-000548,1
5237,fig-000551,1
5243,fig-000407,1
5244,fig-001426,1
5251,fig-001049,1
5254,fig-000436,1
5263,fig-000994,1
5270,fig-000836,1
5273,fig-001459,1
5278,fig-001322,1
5293,fig-000426,1
5295,fig-001414,1
5309,fig-001002,1
5330,fig-001072,1
5332,fig-000206,1
5334,fig-000019,1
5336,fig-001066,1
5337,fig-001256,1
5339,fig-001496,1
5342,fig-000188,1
5344,fig-001220,1
5351,fig-000049,1
5368,fig-000575,1
5372,fig-001381,1
5374,fig-001010,1
5387,fig-001067,1
5390,fig-001078,1
5393,fig-000743,1
5395,fig-000488,1
5410,fig-000876,1
5417,fig-000260,1
5425,fig-001540,1
5431,fig-000256,1
5433,fig-000052,1
5437,fig-001239,1
5444,fig-002254,1
5444,fig-002285,1
5444,fig-002287,1
5444,fig-002288,1
5453,fig-001343,1
5454,fig-000620,1
5455,fig-001482,1
5472,fig-000745,1
5473,fig-000775,1
5482,fig-000192,1
5483,fig-000152,1
5484,fig-001367,1
5490,fig-000455,1
5490,fig-001366,1
5496,fig-001421,1
5502,fig-001190,1
5525,fig-001100,1
5530,fig-000744,1
5560,fig-000790,1
5561,fig-000485,1
5567,fig-000083,1
5587,fig-001165,1
5597,fig-001305,1
5601,fig-000145,1
5604,fig-000701,1
5607,fig-000674,1
5631,fig-000682,1
5632,fig-000912,1
5635,fig-000810,1
5638,fig-000845,1
5647,fig-000026,1
5651,fig-002260,1
5651,fig-002262,1
5651,fig-002263,1
5651,fig-002264,1
5651,fig-002265,1
5651,fig-002266,1
5655,fig-000940,1
5658,fig-001014,1
5662,fig-001299,1
5665,fig-001497,1
5672,fig-000520,1
5681,fig-000030,1
5691,fig-000452,1
5691,fig-000880,1
5700,fig-000319,1
5726,fig-000933,1
5734,fig-000156,1
5741,fig-000396,1
5745,fig-000318,1
5750,fig-002460,1
5750,fig-002461,1
5750,fig-002462,1
5750,fig-002465,1
5783,fig-000556,1
5784,fig-000695,1
5786,fig-000114,1
5789,fig-001260,1
5795,fig-000720,1
5799,fig-001028,1
5805,fig-001447,1
5806,fig-001769,1
5806,fig-002754,1
5806,fig-002755,1
5806,fig-002756,1
5806,fig-002757,1
5806,fig-002758,1
5806,fig-002759,1
5806,fig-002760,1
5807,fig-000884,1
5809,fig-000528,1
5821,fig-000745,1
5824,fig-000138,1
5827,fig-000394,1
5834,fig-001238,1
5842,fig-002431,1
5845,fig-000798,1
5849,fig-001306,1
5859,fig-000593,1
5862,fig-000236,4
5864,fig-001308,1
5893,fig-000070,1
5893,fig-000406,1
5896,fig-001298,1
5899,fig-001350,1
5901,fig-000748,1
5910,fig-000416,1
5913,fig-000650,1
5915,fig-001109,1
5921,fig-001133,1
5922,fig-000088,2
5943,fig-002156,1
5943,fig-002157,1
5960,fig-000818,1
5963,fig-000415,2
5963,fig-002564,1
5976,fig-000657,1
5976,fig-002312,1
5985,fig-000288,1
5995,fig-000359,1
5995,fig-000464,1
5995,fig-002234,1
5997,fig-001407,4
6023,fig-001177,1
6024,fig-001394,1
6030,fig-001011,1
6032,fig-001437,1
6046,fig-000029,1
6058,fig-000821,1
6076,fig-000704,1
6081,fig-000342,1
6092,fig-000047,1
6105,fig-000310,1
6121,fig-000370,1
6148,fig-000746,1
6161,fig-000418,1
6164,fig-001230,1
6180,fig-000542,1
6187,fig-002356,1
6187,fig-002357,1
6203,fig-000053,1
6208,fig-001314,1
6229,fig-001010,1
6232,fig-001372,1
6240,fig-001391,1
6243,fig-002423,1
6243,fig-002424,1
6243,fig-002427,1
6243,fig-002428,1
6243,fig-002429,1
6254,fig-000629,1
6264,fig-000468,1
6266,fig-000932,1
6292,fig-000088,1
6310,fig-000340,1
6312,fig-000163,2
6321,fig-000775,1
6323,fig-000611,1
6325,fig-000111,1
6326,fig-000111,1
6326,fig-002576,1
6332,fig-001458,1
6344,fig-000388,1
6360,fig-000835,1
6362,fig-000300,1
6378,fig-000641,1
6381,fig-000289,2
6383,fig-002300,1
6383,fig-002302,1
6394,fig-001865,1
6394,fig-002508,1
6398,fig-000112,1
6399,fig-000840,1
6399,fig-000979,1
6400,fig-000452,1
6402,fig-001550,1
6415,fig-001313,1
6422,fig-001083,1
6432,fig-000098,1
6455,fig-000839,1
6455,fig-002244,1
6455,fig-002258,1
6455,fig-002259,1
6463,fig-001116,1
6496,fig-001223,1
6497,fig-001045,1
6500,fig-000789,1
6503,fig-000198,1
6526,fig-002376,1
6526,fig-002377,1
6526,fig-002378,1
6536,fig-000452,1
6547,fig-000507,1
6550,fig-000344,1
6554,fig-001121,1
6561,fig-000980,1
6567,fig-001485,1
6567,fig-002158,1
6567,fig-002159,1
6567,fig-002160,1
6575,fig-002229,1
6592,fig-001254,1
6597,fig-000359,1
6597,fig-000629,1
6597,fig-002235,1
6598,fig-000333,1
6611,fig-000954,1
6623,fig-000129,1
6632,fig-000339,1
6636,fig-000020,1
6650,fig-000018,1
6663,fig-001218,1
6665,fig-000491,1
6668,fig-000179,1
6668,fig-002579,1
6669,fig-001503,1
6676,fig-000804,1
6680,fig-000675,1
6690,fig-000465,1
6694,fig-002358,1
6694,fig-002359,1
6712,fig-000044,1
6719,fig-001435,1
6726,fig-000852,1
6735,fig-000034,2
6735,fig-000657,1
6735,fig-002312,1
6743,fig-000979,1
6765,fig-001255,1
6785,fig-000929,1
6797,fig-000213,1
6808,fig-000101,1
6811,fig-000034,1
6824,fig-001091,1
6830,fig-000966,1
6846,fig-000902,1
6850,fig-001060,1
6861,fig-000215,1
6865,fig-001490,1
6869,fig-001169,1
6880,fig-001030,1
6884,fig-000030,1
6886,fig-000459,1
6897,fig-002229,2
6900,fig-001043,1
6908,fig-000693,1
6911,fig-000657,1
6911,fig-001044,1
6912,fig-000034,1
6917,fig-000327,1
6917,fig-000484,1
6917,fig-000631,1
6917,fig-001108,1
6917,fig-002236,2
6917,fig-002237,1
6917,fig-002239,1
6917,fig-002240,1
6934,fig-000160,1
6951,fig-001145,1
6956,fig-002315,1
6956,fig-002316,1
6956,fig-002317,1
6956,fig-002318,1
6956,fig-002319,1
6956,fig-002320,1
6956,fig-002321,1
6956,fig-002322,1
6957,fig-000435,1
6970,fig-000976,1
6974,fig-000715,1
6985,fig-000393,1
6994,fig-000422,1
7001,fig-000210,1
7006,fig-000627,1
7029,fig-001478,1
7031,fig-000127,1
7038,fig-000358,1
7039,fig-000319,1
7041,fig-000134,1
7045,fig-000783,1
7057,fig-000737,1
7061,fig-000673,1
7064,fig-000663,1
7068,fig-000096,1
7100,fig-000497,1
7115,fig-000297,1
7116,fig-001412,1
7130,fig-000216,1
7132,fig-000240,3
7135,fig-000815,1
7137,fig-000859,1
7139,fig-000453,1
7149,fig-001054,1
7149,fig-002327,1
7166,fig-000537,1
7180,fig-001518,1
7194,fig-001207,1
7195,fig-000727,2
7204,fig-002156,1
7204,fig-002186,1
7204,fig-002187,1
7211,fig-000240,2
7224,fig-001370,1
7228,fig-000470,1
7242,fig-000363,1
7248,fig-000225,1
7253,fig-000925,1
7254,fig-000916,1
7255,fig-000797,1
7284,fig-000670,1
7288,fig-000644,1
7309,fig-001289,1
7313,fig-000372,1
7326,fig-001438,1
7330,fig-000292,1
7331,fig-001409,1
7332,fig-002292,1
7332,fig-002293,1
7338,fig-001214,1
7340,fig-001555,1
7357,fig-000634,1
7366,fig-000829,1
7369,fig-000031,1
7373,fig-000360,1
7377,fig-000441,1
7397,fig-000840,1
7397,fig-002446,1
7397,fig-002447,1
7408,fig-000689,1
7412,fig-000202,1
7418,fig-000534,1
7427,fig-001475,1
7448,fig-000890,1
7454,fig-001016,1
7466,fig-000724,1
7467,fig-000611,1
7470,fig-001510,1
7477,fig-000937,1
7486,fig-000335,1
7489,fig-000191,1
7501,fig-001166,1
7507,fig-000112,1
7520,fig-001335,1
7523,fig-001245,1
7527,fig-000788,1
7548,fig-000342,2
7550,fig-000898,1
7553,fig-000705,1
7555,fig-001504,1
7566,fig-000863,1
7573,fig-001175,1
7577,fig-000973,1
7579,fig-001137,1
7587,fig-000761,1
7588,fig-000684,1
7592,fig-001247,1
7602,fig-000622,1
7609,fig-001360,1
7610,fig-001242,1
7615,fig-001021,1
7622,fig-002319,1
7622,fig-002323,1
7637,fig-000661,1
7655,fig-000762,2
7665,fig-001231,1
7672,fig-000221,1
7683,fig-000546,1
7686,fig-000028,1
7688,fig-002289,1
7692,fig-001146,1
7701,fig-000114,1
7712,fig-001520,1
7716,fig-000114,1
7719,fig-000547,1
7731,fig-000113,1
7736,fig-000750,1
7751,fig-002290,1
7751,fig-002300,1
7751,fig-002301,1
7753,fig-000332,1
7758,fig-002366,1
7758,fig-002367,1
7759,fig-001182,1
7760,fig-001434,1
7760,fig-002743,1
7760,fig-002744,1
7760,fig-002745,1
7760,fig-002746,1
7764,fig-000993,1
7765,fig-000785,1
7776,fig-000657,1
7778,fig-000264,1
7792,fig-001469,1
7797,fig-000302,1
7817,fig-000020,1
7819,fig-000597,1
7822,fig-000690,1
7824,fig-000095,1
7830,fig-001154,2
7835,fig-000208,1
7836,fig-000812,1
7839,fig-001194,1
7847,fig-001087,100
7851,fig-000267,1
7854,fig-000359,1
7854,fig-000628,1
7854,fig-000629,1
7854,fig-000631,1
7854,fig-002227,1
7866,fig-000928,1
7867,fig-001492,1
7869,fig-001714,1
7869,fig-001889,2
7869,fig-001939,1
7869,fig-002514,1
7869,fig-002515,1
7869,fig-002516,1
7869,fig-002517,1
7869,fig-002518,1
7869,fig-002519,1
7869,fig-002520,2
7869,fig-002521,2
7869,fig-002522,1
7869,fig-002523,1
7869,fig-002524,2
7869,fig-002525,1
7869,fig-002526,1
7869,fig-002527,1
7869,fig-002528,1
7869,fig-002529,1
7869,fig-002530,1
7879,fig-000121,1
7883,fig-000208,1
7901,fig-000497,1
7904,fig-000404,1
7915,fig-000873,1
7916,fig-000586,1
7917,fig-000120,1
7922,fig-000950,1
7928,fig-002498,1
7928,fig-002501,1
7928,fig-002502,1
7928,fig-002503,1
7928,fig-002504,1
7928,fig-002505,1
7930,fig-000274,1
7941,fig-001243,1
7954,fig-001202,1
7956,fig-000663,1
7958,fig-000549,1
7977,fig-001196,1
7978,fig-000983,1
7979,fig-000021,1
7983,fig-000353,1
7993,fig-000287,1
7995,fig-000792,1
7999,fig-000257,1
8009,fig-001340,1
8017,fig-000480,1
8023,fig-000802,1
8059,fig-000981,1
8066,fig-000726,1
8068,fig-000079,1
8070,fig-000406,1
8094,fig-001044,1
8126,fig-000231,1
8132,fig-000567,1
8146,fig-000984,1
8157,fig-000456,1
8161,fig-000636,1
8167,fig-000178,1
8175,fig-002169,1
8175,fig-002170,1
8175,fig-002171,1
8181,fig-000380,1
8184,fig-000054,1
8196,fig-000742,1
8203,fig-001377,1
8225,fig-000808,1
8249,fig-000018,1
8249,fig-000489,1
8249,fig-001059,1
8252,fig-000070,1
8255,fig-002435,1
8255,fig-002436,1
8259,fig-002583,1
8259,fig-002584,1
8262,fig-001307,1
8262,fig-002221,1
8263,fig-001476,1
8265,fig-000204,1
8267,fig-000631,1
8275,fig-000336,1
8288,fig-000063,1
8301,fig-000273,1
8310,fig-000660,1
8339,fig-001136,1
8341,fig-001461,1
8342,fig-001158,1
8345,fig-001235,1
8352,fig-001275,1
8362,fig-002491,1
8362,fig-002492,1
8362,fig-002493,1
8362,fig-002494,1
8405,fig-000144,1
8408,fig-000301,1
8410,fig-001523,1
8412,fig-002392,1
8412,fig-002393,1
8417,fig-000218,1
8418,fig-000088,1
8429,fig-000713,1
8435,fig-002405,1
8435,fig-002406,1
8435,fig-002407,1
8443,fig-001055,1
8458,fig-000775,1
8487,fig-002510,1
8494,fig-000607,1
8508,fig-000970,1
8511,fig-000230,1
8512,fig-001393,1
8520,fig-001379,1
8525,fig-000194,1
8543,fig-000447,1
8546,fig-000736,1
8550,fig-001102,1
8566,fig-000487,2
8570,fig-000632,1
8584,fig-000154,1
8586,fig-000563,1
8591,fig-000226,1
8595,fig-000819,1
8602,fig-001249,1
8620,fig-000335,1
8637,fig-000976,1
8641,fig-000757,1
8644,fig-000036,1
8654,fig-001440,1
8673,fig-000993,1
8679,fig-000913,1
8691,fig-001418,1
8705,fig-000080,1
8709,fig-001236,1
8711,fig-001101,1
8723,fig-001254,1
8725,fig-002396,1
8725,fig-002397,1
8726,fig-000296,1
8774,fig-001279,1
8774,fig-002764,1
8774,fig-002765,1
8774,fig-002766,1
8774,fig-002767,1
8774,fig-002768,1
8774,fig-002769,1
8776,fig-001009,1
8779,fig-001392,1
8785,fig-001139,1
8803,fig-000187,1
8824,fig-000366,1
8833,fig-001374,1
8838,fig-000113,1
8838,fig-000750,1
8838,fig-002233,1
8842,fig-000158,1
8844,fig-000345,1
8852,fig-000093,1
8854,fig-001095,1
8860,fig-000825,1
8868,fig-000935,1
8869,fig-002347,1
8869,fig-002348,1
8870,fig-000236,4
8880,fig-001462,1
8881,fig-001368,1
8890,fig-001559,1
8892,fig-000909,1
8901,fig-000545,1
8902,fig-000519,1
8907,fig-001714,1
8907,fig-001810,1
8907,fig-002057,1
8907,fig-002544,1
8907,fig-002546,1
8907,fig-002547,1
8907,fig-002548,1
8910,fig-000608,1
8935,fig-000218,1
8945,fig-000055,1
8951,fig-001225,1
8953,fig-000321,3
8955,fig-000312,1
8962,fig-002449,1
8962,fig-002450,1
8962,fig-002451,1
8962,fig-002452,1
8962,fig-002453,1
8964,fig-001449,1
8966,fig-001454,1
8969,fig-001311,1
8982,fig-001228,1
8983,fig-000276,1
8990,fig-000098,1
8991,fig-001533,1
8999,fig-000401,1
9002,fig-000142,1
9010,fig-000106,1
9012,fig-000046,1
9013,fig-001347,1
9016,fig-001278,1
9020,fig-000199,1
9030,fig-000531,1
9031,fig-000116,1
9038,fig-001020,1
9045,fig-000677,1
9050,fig-002315,1
9050,fig-002317,1
9050,fig-002318,1
9050,fig-002321,1
9050,fig-002322,1
9050,fig-002488,1
9050,fig-002489,1
9050,fig-002490,1
9056,fig-000901,1
9062,fig-000990,1
9066,fig-001375,1
9068,fig-000846,1
9071,fig-000302,1
9071,fig-002329,1
9072,fig-001416,1
9077,fig-000496,1
9089,fig-001039,1
9091,fig-001452,1
9113,fig-000992,1
9114,fig-002333,1
9120,fig-000020,1
9127,fig-000680,1
9133,fig-001138,1
9146,fig-000368,1
9163,fig-000298,1
9167,fig-001015,1
9173,fig-000685,1
9174,fig-000569,1
9185,fig-000432,1
9194,fig-001005,1
9196,fig-000806,1
9205,fig-000289,1
9214,fig-000420,1
9216,fig-000601,1
9220,fig-000772,1
9221,fig-001188,1
9224,fig-000173,1
9227,fig-000847,1
9235,fig-000114,1
9240,fig-000752,1
9243,fig-002506,1
9243,fig-002507,1
9244,fig-000092,1
9261,fig-001331,1
9271,fig-000944,1
9276,fig-001410,1
9287,fig-000451,1
9288,fig-000666,1
9323,fig-001509,1
9336,fig-001019,1
9343,fig-000861,1
9346,fig-001050,1
9346,fig-001168,1
9346,fig-002214,1
9346,fig-002215,1
9346,fig-002216,1
9401,fig-001037,1
9410,fig-000730,1
9422,fig-000781,1
9425,fig-000100,1
9427,fig-000269,1
9431,fig-000020,1
9433,fig-001088,1
9438,fig-000293,1
9456,fig-000330,1
9466,fig-001430,1
9468,fig-001258,1
9470,fig-000753,1
9473,fig-000765,1
9477,fig-000113,1
9480,fig-000115,1
9481,fig-001069,2
9508,fig-000376,1
9509,fig-000379,1
9511,fig-000419,1
9518,fig-000341,1
9529,fig-000350,1
9533,fig-001445,1
9547,fig-001056,1
9551,fig-000737,1
9555,fig-000103,1
9585,fig-001413,1
9592,fig-000463,1
9598,fig-000113,1
9611,fig-000079,1
9622,fig-001443,1
9636,fig-000516,1
9639,fig-000849,1
9677,fig-001386,1
9680,fig-000863,1
9687,fig-000069,1
9712,fig-001542,1
9716,fig-001117,1
9718,fig-002390,1
9718,fig-002391,1
9722,fig-000137,1
9723,fig-000540,1
9732,fig-001463,1
9733,fig-000775,1
9734,fig-000195,1
9734,fig-000464,1
9734,fig-000629,1
9734,fig-002224,1
9734,fig-002229,1
9736,fig-001302,1
9767,fig-001383,1
9772,fig-000406,1
9789,fig-000157,1
9794,fig-001198,1
9795,fig-001185,1
9798,fig-000447,1
9798,fig-002509,1
9800,fig-001120,1
9837,fig-000979,1
9839,fig-000743,1
9843,fig-000022,1
9847,fig-000745,1
9849,fig-000921,1
9857,fig-000219,1
9864,fig-002417,1
9864,fig-002418,1
9867,fig-001181,1
9868,fig-001479,1
9870,fig-000354,1
9873,fig-000364,1
9882,fig-000067,1
9894,fig-001865,1
9897,fig-000244,1
9901,fig-000185,1
9912,fig-001294,1
9938,fig-000814,1
9942,fig-001114,1
9948,fig-000286,1
9953,fig-000452,1
9953,fig-000870,1
9957,fig-000754,1
9970,fig-000170,1
9981,fig-000483,1
9988,fig-001483,1
9993,fig-001156,1
9999,fig-000103,1
10000,fig-001541,1
10002,fig-000526,1
10008,fig-001565,1
10008,fig-002205,1
10008,fig-002206,1
10008,fig-002207,1
10010,fig-000099,1
10011,fig-000065,1
10021,fig-000061,2
10025,fig-000698,1
10039,fig-001354,1
10047,fig-000005,1
10047,fig-001013,1
10059,fig-001363,1
10069,fig-001287,1
10083,fig-002269,1
10083,fig-002270,1
10083,fig-002273,1
10083,fig-002275,1
10092,fig-000631,1
10096,fig-000088,1
10098,fig-000263,1
10100,fig-000410,1
10104,fig-000446,1
10115,fig-000099,1
10123,fig-002256,2
10123,fig-002257,1
10128,fig-001488,1
10131,fig-000376,1
10139,fig-001526,1
10146,fig-001286,1
10172,fig-001804,1
10172,fig-002180,1
10172,fig-002181,1
10172,fig-002182,1
10172,fig-002184,1
10175,fig-000429,1
10176,fig-000550,1
10184,fig-001486,1
10190,fig-001341,1
10192,fig-001401,1
10195,fig-001148,1
10201,fig-002459,1
10207,fig-000358,1
10215,fig-001248,1
10228,fig-000447,1
10237,fig-000221,1
10240,fig-000982,1
10250,fig-002260,1
10250,fig-002264,1
10250,fig-002265,1
10250,fig-002275,1
10250,fig-002280,1
10250,fig-002283,1
10250,fig-002286,1
10254,fig-000437,1
10255,fig-000844,1
10257,fig-000613,1
10261,fig-000972,1
10262,fig-001096,1
10315,fig-000464,1
10315,fig-000526,1
10319,fig-001048,1
10321,fig-000650,1
10326,fig-000030,2
10326,fig-000062,1
10335,fig-000344,1
10339,fig-000032,1
10339,fig-001050,1
10339,fig-002213,1
10348,fig-000326,1
10355,fig-000577,1
10356,fig-000524,1
10360,fig-000665,1
10364,fig-000605,1
10367,fig-002352,1
10367,fig-002353,1
10370,fig-001535,1
10394,fig-002313,1
10394,fig-002314,1
10404,fig-000338,1
10408,fig-000782,3
10414,fig-002471,1
10414,fig-002472,1
10424,fig-001513,1
10433,fig-000689,1
10446,fig-002209,1
10446,fig-002210,1
10446,fig-002211,1
10455,fig-001090,1
10459,fig-000884,1
10478,fig-000066,1
10480,fig-000747,1
10484,fig-000106,1
10516,fig-000978,1
10545,fig-001450,1
10581,fig-001099,1
10582,fig-001466,1
10584,fig-000070,2
10584,fig-000406,1
10585,fig-000795,1
10587,fig-000285,2
10616,fig-001517,1
10629,fig-000475,1
10639,fig-000896,1
10654,fig-001179,1
10655,fig-001110,1
10660,fig-000048,1
10677,fig-000314,1
10686,fig-000368,1
10686,fig-001406,1
10686,fig-002721,1
10708,fig-001388,1
10713,fig-000527,1
10734,fig-000040,1
10738,fig-001373,1
10739,fig-000356,1
10748,fig-002480,4
10748,fig-002481,2
10757,fig-001042,1
10778,fig-001384,1
10782,fig-001106,1
10789,fig-000061,2
10792,fig-000251,1
10802,fig-002315,1
10802,fig-002316,1
10802,fig-002317,1
10802,fig-002318,1
10802,fig-002319,1
10802,fig-002320,1
10802,fig-002321,1
10802,fig-002322,1
10802,fig-002323,1
10802,fig-002488,1
10802,fig-002489,1
10802,fig-002490,1
10812,fig-002381,1
10812,fig-002382,1
10812,fig-002383,1
10812,fig-002384,1
10812,fig-002385,1
10819,fig-000620,1
10828,fig-000341,2
10832,fig-001038,1
10835,fig-000533,1
10840,fig-000303,1
10841,fig-000043,1
10841,fig-000839,1
10843,fig-001423,1
10873,fig-000181,1
10875,fig-000591,1
10891,fig-001353,1
10896,fig-000872,1
10897,fig-000074,1
10899,fig-000899,1
10903,fig-000826,1
10913,fig-000832,1
10914,fig-000592,1
10935,fig-001031,1
10937,fig-001124,1
10940,fig-000467,1
10948,fig-000478,1
10969,fig-002034,1
10980,fig-000020,1
10983,fig-000113,1
10990,fig-000406,1
11000,fig-000999,1
11003,fig-001094,1
11021,fig-000733,1
11030,fig-001253,1
11031,fig-000385,1
11035,fig-001493,1
11042,fig-002249,1
11051,fig-000958,1
11057,fig-000730,1
11058,fig-002439,1
11058,fig-002440,1
11058,fig-002441,1
11058,fig-002442,1
11058,fig-002443,1
11058,fig-002444,1
11058,fig-002445,1
11064,fig-001531,1
11068,fig-000742,1
11070,fig-000456,1
11073,fig-000359,1
11073,fig-000631,1
11079,fig-000246,1
11082,fig-001032,1
11086,fig-000119,1
11088,fig-000594,1
11096,fig-000004,1
11103,fig-000376,1
11107,fig-000174,1
11113,fig-000476,1
11138,fig-001061,1
11144,fig-002400,1
11144,fig-002401,1
11144,fig-002402,1
11147,fig-000679,1
11157,fig-000483,1
11188,fig-001073,1
11210,fig-000466,1
11213,fig-000637,1
11217,fig-000892,1
11221,fig-000834,1
11227,fig-001565,1
11227,fig-002208,1
11242,fig-001507,1
11246,fig-000823,1
11259,fig-002280,1
11280,fig-001264,1
11287,fig-002507,1
11296,fig-000547,1
11313,fig-000503,2
11320,fig-000649,1
11327,fig-001068,1
11333,fig-000755,1
11338,fig-002333,1
11358,fig-000865,1
11364,fig-000774,1
11368,fig-000278,1
11369,fig-000167,5
11374,fig-000659,1
11376,fig-001267,1
11381,fig-001011,1
11398,fig-000709,1
11404,fig-000469,1
11417,fig-000311,1
11421,fig-000310,1
11423,fig-000559,1
11431,fig-000356,1
11438,fig-000728,1
11441,fig-000088,1
11454,fig-000351,1
11460,fig-001108,1
11461,fig-000359,1
11462,fig-000131,1
11466,fig-002454,1
11466,fig-002458,1
11500,fig-000290,1
11501,fig-000180,1
11512,fig-000568,1
11514,fig-001505,1
11516,fig-000065,3
11530,fig-001254,1
11530,fig-001278,1
11530,fig-002699,1
11530,fig-002703,1
11530,fig-002705,1
11531,fig-000492,1
11539,fig-002562,1
11539,fig-002563,1
11541,fig-000473,1
11543,fig-001471,1
11549,fig-000195,1
11560,fig-001006,1
11566,fig-000196,1
11567,fig-000222,1
11579,fig-000365,1
11591,fig-001075,1
11600,fig-000681,1
11614,fig-002423,1
11614,fig-002425,1
11616,fig-000362,1
11623,fig-000934,1
11634,fig-000714,1
11635,fig-000241,1
11636,fig-000907,1
11644,fig-000061,1
11645,fig-002372,1
11645,fig-002373,1
11646,fig-000313,1
11658,fig-001404,1
11659,fig-000268,1
11662,fig-000628,1
11671,fig-000183,1
11679,fig-000850,1
11680,fig-000149,1
11680,fig-001095,1
11680,fig-002574,1
11683,fig-000117,1
11685,fig-001464,1
11690,fig-000639,1
11695,fig-002306,1
11695,fig-002307,1
11698,fig-000723,1
11702,fig-002530,1
11702,fig-002681,2
11702,fig-002683,1
11702,fig-002684,1
11706,fig-000668,1
11707,fig-000975,1
11723,fig-000281,1
11728,fig-000087,1
11729,fig-001127,1
11735,fig-000632,1
11745,fig-000578,1
11748,fig-001441,1
11753,fig-001543,1
11764,fig-001359,1
11769,fig-000311,1
11778,fig-001097,1
11788,fig-000694,1
11795,fig-000162,1
11798,fig-000841,1
11803,fig-000305,1
11839,fig-002434,1
11850,fig-001365,1
11857,fig-000803,1
11862,fig-002191,1
11862,fig-002192,1
11862,fig-002193,1
11862,fig-002194,1
11862,fig-002195,1
11864,fig-000477,1
11872,fig-002408,1
11872,fig-002409,1
11887,fig-000138,1
11902,fig-000033,1
11903,fig-000710,1
11909,fig-000691,1
11929,fig-000867,1
11936,fig-001193,1
11939,fig-000239,3
11944,fig-000464,1
11950,fig-000406,1
11957,fig-000333,1
11965,fig-002419,1
11965,fig-002420,1
11965,fig-002421,1
11967,fig-000197,1
11971,fig-000050,1
11974,fig-000737,1
11989,fig-000494,1
11990,fig-000306,1
11993,fig-000997,1
12002,fig-001276,1
12007,fig-000041,1
12011,fig-002057,1
12011,fig-002552,1
12045,fig-001565,1
12076,fig-002253,1
12076,fig-002254,1
12076,fig-002255,1
12086,fig-000721,1
12096,fig-000700,1
12097,fig-000387,1
12102,fig-001000,1
12103,fig-000481,1
12108,fig-000943,1
12120,fig-001382,1
12124,fig-000246,1
12128,fig-000712,1
12128,fig-001369,1
12128,fig-002572,1
12136,fig-000193,1
12136,fig-000608,1
12136,fig-001365,1
12136,fig-002573,1
12136,fig-002574,1
12136,fig-002575,1
12147,fig-000210,1
12148,fig-000086,1
12156,fig-000327,1
12156,fig-002246,1
12156,fig-002247,1
12160,fig-000515,2
12166,fig-000936,1
12167,fig-001467,1
12176,fig-001487,1
12186,fig-000004,1
12189,fig-000051,1
12202,fig-000576,1
12203,fig-001251,1
12206,fig-001325,1
12217,fig-000549,1
12235,fig-000660,1
12239,fig-001524,1
12257,fig-002476,2
12257,fig-002477,2
12257,fig-002478,1
12257,fig-002479,1
12261,fig-000128,1
12266,fig-002099,1
12266,fig-002261,1
12269,fig-000880,1
12274,fig-001113,1
12275,fig-000871,1
12275,fig-000877,1
12275,fig-002763,1
12286,fig-000103,1
12290,fig-000134,1
12296,fig-001481,1
12324,fig-001558,1
12335,fig-000086,1
12338,fig-001310,1
12354,fig-002379,1
12354,fig-002380,1
12356,fig-000749,1
12368,fig-000996,1
12371,fig-002438,1
12377,fig-000304,1
12384,fig-002014,1
12384,fig-002537,1
12384,fig-002538,1
12386,fig-001237,1
12399,fig-002297,1
12399,fig-002298,1
12408,fig-000433,1
12414,fig-000427,1
12420,fig-000642,1
12424,fig-000926,1
12431,fig-000417,1
12431,fig-001875,1
12431,fig-002728,1
12441,fig-000239,2
12453,fig-001224,1
12454,fig-001398,1
12455,fig-000341,1
12466,fig-002270,1
12466,fig-002295,1
12469,fig-000219,1
12469,fig-002328,1
12471,fig-001036,1
12476,fig-000211,1
12481,fig-002506,2
12484,fig-000170,1
12485,fig-000554,1
12487,fig-001153,1
12488,fig-002225,1
12488,fig-002228,1
12488,fig-002229,1
12492,fig-001522,1
12498,fig-001206,1
12508,fig-000422,1
12508,fig-002577,1
12513,fig-000595,1
12514,fig-000851,1
12517,fig-001200,1
12518,fig-001065,1
12521,fig-002449,1
12521,fig-002457,1
12523,fig-000752,1
12528,fig-000220,1
12529,fig-001272,1
12532,fig-001152,1
12545,fig-001129,1
12566,fig-000513,1
12573,fig-001502,1
12588,fig-000570,1
12589,fig-001123,1
12595,fig-000766,1
12612,fig-001288,1
12635,fig-000942,1
12640,fig-000946,1
12670,fig-000070,2
12670,fig-000406,1
12672,fig-000091,1
12698,fig-002410,1
12698,fig-002411,1
12703,fig-001494,1
12709,fig-000281,1
12714,fig-001519,1
12737,fig-000355,1
12746,fig-000277,1
12747,fig-002394,1
12747,fig-002395,1
12752,fig-000195,1
12752,fig-000464,1
12752,fig-000629,1
12752,fig-002224,1
12752,fig-002229,1
12753,fig-001352,1
12764,fig-001033,1
12765,fig-001034,1
12769,fig-000840,1
12770,fig-000696,1
12778,fig-000985,1
12783,fig-000124,1
12792,fig-000359,1
12792,fig-000629,1
12792,fig-002235,1
12795,fig-000164,1
12798,fig-002711,1
12804,fig-001186,1
12806,fig-000348,1
12809,fig-000139,1
12811,fig-000809,1
12811,fig-002687,1
12811,fig-002688,1
12811,fig-002689,1
12811,fig-002690,1
12840,fig-000168,1
12842,fig-001405,1
12843,fig-002335,1
12855,fig-000748,1
12863,fig-001279,1
12863,fig-002768,1
12863,fig-002770,1
12863,fig-002771,1
12863,fig-002772,1
12869,fig-002238,1
12879,fig-000917,1
12887,fig-001506,1
12890,fig-000952,1
12895,fig-000268,1
12904,fig-001173,1
12920,fig-001455,1
12926,fig-000606,1
12943,fig-001773,1
12943,fig-002735,1
12943,fig-002736,1
12949,fig-001104,1
12958,fig-000448,1
12963,fig-001315,1
12982,fig-002257,1
12982,fig-002278,1
12991,fig-002440,1
12991,fig-002447,1
12997,fig-001397,1
13000,fig-000566,1
13011,fig-001140,1
13012,fig-000805,1
13031,fig-000140,1
13038,fig-000294,1
13040,fig-000651,1
13044,fig-000245,1
13050,fig-000380,1
13053,fig-001431,1
13054,fig-000349,1
13055,fig-000232,1
13057,fig-000343,1
13061,fig-000125,1
13067,fig-002161,1
13067,fig-002162,1
13067,fig-002217,1
13082,fig-001424,1
13084,fig-001026,1
13090,fig-000129,1
13101,fig-000505,1
13110,fig-000081,1
13115,fig-000848,1
13118,fig-001302,1
13118,fig-001307,1
13154,fig-000434,1
13160,fig-000686,1
13167,fig-000732,1
13171,fig-000529,1
13179,fig-000285,1
13181,fig-000098,1
13187,fig-000086,1
13190,fig-001125,1
13194,fig-000517,2
13196,fig-001439,1
13196,fig-002189,1
13199,fig-001434,1
13208,fig-001337,1
13226,fig-000580,1
13232,fig-000061,1
13232,fig-000065,1
13232,fig-000070,1
13232,fig-000406,1
13232,fig-002231,1
13232,fig-002777,1
13244,fig-000460,1
13256,fig-000187,2
13259,fig-001127,1
13280,fig-000034,1
13285,fig-000908,1
13302,fig-000024,1
13307,fig-000986,1
13313,fig-001050,1
13319,fig-000247,1
13333,fig-000783,1
13334,fig-001246,1
13342,fig-000922,1
13343,fig-001086,1
13344,fig-000004,1
13345,fig-000020,1
13346,fig-000740,1
13360,fig-001433,1
13391,fig-000179,1
13410,fig-000439,1
13411,fig-000887,1
13417,fig-000768,1
13426,fig-000589,1
13430,fig-000302,1
13433,fig-000171,1
13441,fig-001233,1
13442,fig-000285,1
13451,fig-000233,1
13453,fig-001115,1
13466,fig-000122,1
13477,fig-002333,1
13477,fig-002441,1
13477,fig-002443,1
13478,fig-000290,1
13487,fig-002014,1
13507,fig-000959,1
13526,fig-000193,1
13532,fig-000646,1
13540,fig-001266,1
13542,fig-001236,1
13546,fig-001232,1
13553,fig-000881,1
13556,fig-001319,1
13562,fig-001292,1
13564,fig-001054,1
13567,fig-000562,1
13575,fig-000414,1
13578,fig-000811,1
13584,fig-000285,4
13586,fig-000623,1
13595,fig-000717,1
13604,fig-001553,1
13606,fig-001285,1
13610,fig-000348,1
13611,fig-000733,1
13622,fig-001415,1
13631,fig-002325,1
13631,fig-002326,1
13633,fig-000266,1
13642,fig-000612,1
13654,fig-000816,1
13659,fig-000396,1
13662,fig-000405,1
13663,fig-000065,1
13668,fig-000223,1
13671,fig-000369,1
13676,fig-001025,1
13681,fig-001491,1
13684,fig-001046,1
13695,fig-001468,1
13697,fig-000430,1
13706,fig-000248,1
13709,fig-000643,1
13712,fig-000423,1
13721,fig-001084,1
13724,fig-001396,1
13733,fig-000235,1
13738,fig-000402,1
13748,fig-000735,2
13759,fig-000587,1
13767,fig-000187,1
13772,fig-001532,1
13774,fig-000203,1
13783,fig-000522,1
13785,fig-000794,1
13787,fig-001453,1
13792,fig-000910,1
13802,fig-000617,1
13806,fig-000571,1
13807,fig-001318,1
13813,fig-001361,1
13816,fig-001557,1
13818,fig-000341,1
13821,fig-000760,1
13824,fig-000136,1
13842,fig-001208,1
13846,fig-000678,1
13862,fig-000842,1
13868,fig-000285,4
13885,fig-000905,1
13891,fig-000438,1
13893,fig-000310,1
13901,fig-001551,2
13909,fig-000455,1
13911,fig-001323,1
13933,fig-000328,1
13950,fig-000575,1
13956,fig-000647,1
13975,fig-000236,2
14000,fig-000999,1
14002,fig-001432,1
14007,fig-000425,1
14008,fig-000477,1
14009,fig-000149,1
14009,fig-000256,1
14009,fig-000880,1
14009,fig-001490,1
14009,fig-002470,1
14009,fig-002571,1
14012,fig-001281,1
14017,fig-000724,1
14019,fig-000030,1
14019,fig-000061,1
14027,fig-000918,1
14048,fig-001349,1
14054,fig-000175,1
14061,fig-002388,1
14061,fig-002389,1
14062,fig-000349,1
14068,fig-000337,1
14072,fig-000242,1
14080,fig-002264,1
14080,fig-002270,1
14080,fig-002294,1
14083,fig-000431,1
14093,fig-000793,1
14104,fig-000963,1
14109,fig-000260,1
14109,fig-000848,1
14111,fig-000747,1
14121,fig-001064,1
14139,fig-000265,1
14155,fig-001547,1
14160,fig-000384,1
14176,fig-002156,1
14176,fig-002167,1
14176,fig-002168,1
14188,fig-000572,1
14190,fig-000599,1
14205,fig-002368,1
14205,fig-002369,1
14209,fig-000208,1
14228,fig-000412,1
14243,fig-000153,1
14251,fig-000609,1
14259,fig-000509,1
14265,fig-000719,1
14269,fig-001480,1
14270,fig-001151,1
14292,fig-001387,1
14301,fig-000359,1
14301,fig-000464,1
14301,fig-000526,1
14301,fig-002224,1
14302,fig-000903,1
14307,fig-000371,1
14309,fig-000619,1
14317,fig-000368,1
14317,fig-002711,1
14318,fig-001317,1
14329,fig-000195,1
14357,fig-000295,1
14359,fig-000135,1
14363,fig-000914,1
14365,fig-001328,1
14375,fig-001054,1
14375,fig-002337,1
14375,fig-002338,1
14383,fig-000359,1
14389,fig-000603,1
14392,fig-000526,1
14394,fig-001212,1
14399,fig-001400,1
14399,fig-001406,1
14399,fig-002722,1
14401,fig-001074,1
14402,fig-001268,1
14415,fig-000098,1
14416,fig-000058,1
14423,fig-002364,1
14423,fig-002365,1
14426,fig-000601,1
14428,fig-000212,1
14431,fig-001484,1
14435,fig-002403,1
14435,fig-002404,1
14436,fig-000089,1
14451,fig-000189,1
14456,fig-000421,1
14457,fig-000440,1
14467,fig-000161,1
14472,fig-001163,1
14477,fig-001103,1
14489,fig-000687,1
14490,fig-001012,1
14492,fig-000441,1
14500,fig-000590,1
14501,fig-000579,1
14518,fig-001334,1
14527,fig-000109,1
14529,fig-000225,1
14529,fig-000811,1
14545,fig-000751,1
14547,fig-000490,1
14578,fig-001358,1
14581,fig-001227,1
14583,fig-000611,1
14589,fig-000764,1
14598,fig-001119,1
14614,fig-000118,1
14615,fig-001018,1
14618,fig-000390,2
14620,fig-001544,1
14629,fig-002422,1
14629,fig-002423,1
14630,fig-000076,1
14633,fig-000957,1
14634,fig-000359,1
14634,fig-000622,1
14634,fig-000631,1
14634,fig-001119,1
14634,fig-002229,1
14634,fig-002251,1
14634,fig-002252,1
14635,fig-001093,1
14644,fig-001773,1
14644,fig-002737,1
14644,fig-002738,1
14644,fig-002739,1
14644,fig-002740,1
14644,fig-002741,1
14644,fig-002742,1
14645,fig-001355,1
14650,fig-000359,1
14650,fig-000369,1
14650,fig-000628,1
14650,fig-000629,1
14650,fig-000631,1
14650,fig-002225,1
14652,fig-000392,1
14660,fig-001204,1
14671,fig-001263,1
14676,fig-000308,1
14684,fig-001128,1
14687,fig-000425,1
14689,fig-001320,1
14695,fig-000094,1
14702,fig-000924,1
14705,fig-000840,1
14705,fig-002333,1
14714,fig-000408,1
14724,fig-000123,1
14734,fig-001402,1
14738,fig-000377,1
14747,fig-002199,1
14747,fig-002200,1
14747,fig-002201,1
14750,fig-000174,1
14759,fig-000442,1
14760,fig-001500,1
14775,fig-000456,1
14775,fig-002336,1
14777,fig-001333,1
14778,fig-002580,1
14778,fig-002581,1
14794,fig-001132,1
14804,fig-001366,1
14835,fig-001560,1
14837,fig-001552,1
14863,fig-001472,1
14874,fig-001408,1
14875,fig-002268,1
14875,fig-002278,1
14875,fig-002279,1
14887,fig-000168,1
14899,fig-000114,1
14906,fig-000151,1
14908,fig-000604,1
14910,fig-000359,1
14926,fig-000213,1
14926,fig-000417,1
14926,fig-000426,1
14926,fig-000528,1
14926,fig-002724,1
14926,fig-002726,1
14926,fig-002727,1
14927,fig-000505,1
14929,fig-001092,1
14938,fig-000711,1
14939,fig-001183,2
14948,fig-001080,1
14965,fig-000086,1
14976,fig-001277,1
14977,fig-000462,1
14989,fig-000034,1
14996,fig-000233,1
15002,fig-000955,1
15005,fig-000521,1
15012,fig-000077,1
15020,fig-000096,1
15024,fig-001336,1
15028,fig-000938,1
15042,fig-000003,1
15042,fig-000124,1
15042,fig-000516,1
15046,fig-000991,1
15050,fig-000615,1
15052,fig-000683,1
15068,fig-000951,1
15069,fig-000600,1
15084,fig-000947,1
15085,fig-000098,1
15088,fig-001076,1
15092,fig-002460,1
15092,fig-002461,1
15092,fig-002462,1
15092,fig-002463,1
15092,fig-002464,1
15099,fig-000534,1
15104,fig-000030,1
15110,fig-001400,1
15117,fig-001217,1
15119,fig-001062,1
15125,fig-001380,1
15127,fig-000088,2
15130,fig-001077,1
15134,fig-000322,1
15138,fig-000461,1
15144,fig-001312,1
15146,fig-000945,1
15161,fig-002480,4
15161,fig-002481,2
15162,fig-000395,1
15170,fig-000327,1
15170,fig-002236,1
15170,fig-002245,1
15174,fig-000228,1
15199,fig-001052,1
15201,fig-000564,1
15212,fig-000786,1
15217,fig-001324,1
15226,fig-000399,1
15243,fig-001371,1
15252,fig-000498,1
15263,fig-000441,1
15266,fig-002520,1
15266,fig-002681,2
15266,fig-002682,1
15269,fig-002014,1
15269,fig-002539,1
15269,fig-002540,1
15269,fig-002541,1
15274,fig-001515,1
15275,fig-000778,1
15283,fig-000172,1
15292,fig-000406,2
15295,fig-000071,1
15307,fig-000878,1
15307,fig-001369,1
15311,fig-001439,1
15326,fig-000209,1
15334,fig-000638,1
15338,fig-000897,1
15348,fig-000506,1
15350,fig-000745,1
15368,fig-000874,1
15372,fig-000327,1
15372,fig-002250,1
15375,fig-001406,1
15375,fig-002711,1
15387,fig-001269,1
15393,fig-001107,1
15415,fig-000044,1
15417,fig-001406,1
15418,fig-001321,1
15423,fig-000037,1
15429,fig-001403,1
15437,fig-000796,1
15448,fig-001456,1
15465,fig-000043,1
15477,fig-000856,1
15493,fig-000445,1
15497,fig-001091,1
15505,fig-000820,1
15514,fig-001098,1
15520,fig-000779,1
15591,fig-000968,1
15596,fig-000155,1
15610,fig-001457,1
15611,fig-000352,1
15615,fig-000143,1
15617,fig-000290,1
15630,fig-000502,1
15639,fig-000065,1
15651,fig-000761,1
15671,fig-000039,1
15672,fig-000195,1
15678,fig-000381,1
15684,fig-001473,1
15687,fig-002281,1
15687,fig-002282,1
15688,fig-001565,1
15703,fig-000341,1
15708,fig-000113,1
15708,fig-000750,1
15708,fig-002233,1
15722,fig-000361,1
15725,fig-000652,1
15730,fig-001130,1
15736,fig-000354,1
15737,fig-000391,1
15740,fig-000398,1
15749,fig-000018,1
15757,fig-000514,1
15766,fig-000877,1
15772,fig-001129,1
15774,fig-001364,1
15787,fig-001189,1
15790,fig-001339,1
15819,fig-000333,1
15832,fig-000544,1
15837,fig-000019,1
15855,fig-000538,1
15859,fig-001536,1
15860,fig-002280,1
15860,fig-002290,1
15860,fig-002291,1
15873,fig-000645,1
15876,fig-002454,1
15876,fig-002456,1
15883,fig-000816,1
15893,fig-000974,1
15899,fig-000424,1
15909,fig-000254,1
15912,fig-001448,1
15914,fig-000831,1
15918,fig-001556,1
15920,fig-000327,1
15933,fig-002603,1
15933,fig-002604,1
15940,fig-001144,1
15967,fig-000715,1
15970,fig-000270,1
15975,fig-000995,1
15976,fig-001300,1
15985,fig-000319,1
15992,fig-000038,1
15997,fig-000471,1
16004,fig-000382,1
16015,fig-001141,1
16018,fig-001057,1
16020,fig-000747,1
16025,fig-000923,1
16032,fig-000505,1
16042,fig-000418,1
16042,fig-002324,1
16045,fig-000283,1
16060,fig-001040,1
16065,fig-000271,1
16067,fig-000382,1
16069,fig-000236,2
16077,fig-000527,1
16088,fig-000786,1
16092,fig-001330,1
16104,fig-000043,1
16107,fig-000341,1
16108,fig-000598,1
16114,fig-001546,1
16128,fig-000072,1
16130,fig-000949,1
16141,fig-000879,1
16141,fig-002470,1
16148,fig-000636,1
16151,fig-000347,1
16158,fig-000517,1
16158,fig-001028,2
16165,fig-000969,1
16188,fig-000975,1
16196,fig-002282,1
16196,fig-002284,1
16197,fig-000359,1
16214,fig-000238,1
16215,fig-000792,1
16230,fig-001071,1
16244,fig-000214,1
16251,fig-001174,1
16257,fig-000015,1
16257,fig-000016,1
16257,fig-000017,1
16265,fig-000383,1
16267,fig-000450,1
16270,fig-000628,1
16277,fig-000553,1
16284,fig-000843,1
16296,fig-001303,1
16299,fig-000758,1
16305,fig-000688,1
16308,fig-001215,1
16309,fig-000061,5
16311,fig-000325,1
16314,fig-000336,1
16316,fig-001356,1
16341,fig-000086,1
16353,fig-001105,1
16364,fig-000417,1
16382,fig-000920,1
16388,fig-000879,1
16403,fig-000987,1
16416,fig-000104,1
16482,fig-001562,1
16490,fig-001131,1
16540,fig-001844,1
16579,fig-001563,1
16589,fig-001564,1
16591,fig-001804,1
16674,fig-001565,1
16689,fig-001566,1
16732,fig-002600,1
16732,fig-002601,1
16745,fig-001567,1
16749,fig-001568,1
16750,fig-001569,1
16751,fig-001570,1
16753,fig-001497,1
16754,fig-000302,1
16755,fig-001571,1
16756,fig-001507,1
16756,fig-002602,1
16757,fig-002613,1
16757,fig-002614,1
16757,fig-002615,1
16764,fig-001572,1
16791,fig-001541,1
16796,fig-001805,1
16802,fig-001541,1
16810,fig-001573,1
16814,fig-001804,1
16814,fig-002015,1
16842,fig-001279,1
16883,fig-001574,1
16921,fig-001575,1
16924,fig-001576,1
16938,fig-001577,1
16943,fig-001578,1
17033,fig-001579,1
17036,fig-001580,1
17095,fig-001581,1
17134,fig-002531,1
17134,fig-002535,1
17134,fig-002536,1
17172,fig-001582,1
17181,fig-001030,1
17181,fig-001302,1
17181,fig-002222,1
17181,fig-002223,1
17190,fig-001583,1
17202,fig-001584,1
17236,fig-001585,1
17277,fig-001586,1
17291,fig-001587,1
17323,fig-001588,1
17325,fig-001589,1
17336,fig-001590,1
17420,fig-001770,1
17420,fig-002535,1
17420,fig-002747,1
17420,fig-002748,1
17420,fig-002749,1
17420,fig-002750,1
17422,fig-002531,1
17422,fig-002532,1
17422,fig-002533,1
17422,fig-002534,1
17423,fig-001772,1
17423,fig-002535,1
17423,fig-002747,1
17424,fig-001720,1
17424,fig-002761,1
17424,fig-002762,1
17578,fig-000334,1
17580,fig-001591,1
17785,fig-001592,1
17816,fig-001593,1
17827,fig-001594,1
17907,fig-001595,1
18018,fig-001596,1
18087,fig-001597,1
18161,fig-001598,1
18169,fig-001599,1
18170,fig-001600,1
18174,fig-001601,1
18183,fig-001602,1
18185,fig-001603,1
18203,fig-001604,1
18293,fig-001605,1
18334,fig-001606,1
18351,fig-001607,1
18408,fig-002597,1
18408,fig-002598,1
18408,fig-002599,1
18410,fig-002592,1
18410,fig-002593,1
18411,fig-001608,1
18412,fig-001609,1
18442,fig-001804,1
18458,fig-001610,1
18459,fig-001611,1
18460,fig-001612,1
18462,fig-001613,1
18463,fig-001614,1
18464,fig-001615,1
18466,fig-001616,1
18484,fig-001892,1
18484,fig-002524,1
18484,fig-002556,1
18484,fig-002557,1
18484,fig-002558,1
18563,fig-001617,1
18593,fig-001618,1
18645,fig-001619,1
18757,fig-001620,1
18952,fig-001621,1
18965,fig-001622,1
18966,fig-001541,1
19024,fig-001623,1
19034,fig-001624,1
19036,fig-001625,1
19037,fig-001626,1
19043,fig-001627,1
19060,fig-002616,1
19060,fig-002617,1
19060,fig-002618,1
19119,fig-002607,1
19119,fig-002608,1
19192,fig-001628,1
19195,fig-001762,1
19195,fig-002691,1
19195,fig-002692,1
19228,fig-002611,1
19228,fig-002612,1
19229,fig-002595,1
19229,fig-002596,1
19354,fig-001541,1
19439,fig-001629,1
19446,fig-001630,1
19450,fig-002565,2
19450,fig-002566,1
19450,fig-002567,1
19450,fig-002568,1
19450,fig-002569,1
19466,fig-002692,1
19466,fig-002693,1
19495,fig-002605,1
19495,fig-002606,1
19497,fig-002609,1
19497,fig-002610,1
19568,fig-002692,1
19568,fig-002695,1
19568,fig-002696,1
19568,fig-002697,1
19571,fig-002692,1
19571,fig-002694,1
19582,fig-000248,1
19670,fig-001714,1
19670,fig-001810,1
19670,fig-002057,1
19670,fig-002514,1
19670,fig-002544,1
19670,fig-002549,1
19670,fig-002550,1
19670,fig-002551,1
19703,fig-000179,1
19703,fig-002594,1
19719,fig-001631,1
19722,fig-001632,1
19738,fig-001633,1
19871,fig-001634,1
19872,fig-001635,1
19875,fig-001636,1
19931,fig-001637,1
19932,fig-001638,1
19934,fig-001639,1
19935,fig-001640,1
19936,fig-001641,1
19937,fig-001642,1
19938,fig-001643,1
19982,fig-001644,1
19983,fig-001645,1
19984,fig-001646,1
19985,fig-001647,1
19988,fig-001648,1
19989,fig-001649,1
19990,fig-001650,1
19991,fig-001651,1
20003,fig-001652,1
20008,fig-000065,1
20161,fig-001541,1
20190,fig-000406,1
20347,fig-001653,1
20385,fig-001654,1
20409,fig-001655,1
20479,fig-001656,1
20600,fig-000425,1
20620,fig-001657,1
20835,fig-000374,2
20850,fig-001658,1
20916,fig-001659,1
20962,fig-001660,1
21002,fig-001804,1
21002,fig-001805,1
21036,fig-001661,1
21051,fig-001662,1
21081,fig-001663,1
21082,fig-001664,1
21088,fig-001665,1
21095,fig-001666,1
21096,fig-001667,1
21097,fig-001668,1
21113,fig-001672,1
21113,fig-001755,1
21113,fig-001756,1
21114,fig-002634,1
21114,fig-002635,1
21115,fig-002640,1
21115,fig-002641,1
21116,fig-002627,1
21116,fig-002628,1
21117,fig-002636,1
21117,fig-002637,1
21119,fig-002621,1
21119,fig-002622,1
21120,fig-001669,1
21121,fig-001670,1
21122,fig-001671,1
21123,fig-001672,1
21124,fig-001673,1
21125,fig-001674,1
21194,fig-001675,1
21202,fig-001676,1
21203,fig-001677,1
21206,fig-001678,1
21218,fig-001679,1
21219,fig-001680,1
21223,fig-001681,1
21230,fig-001672,1
21232,fig-001673,1
21234,fig-001991,1
21234,fig-002094,1
21234,fig-002198,1
21237,fig-001682,1
21241,fig-001683,1
21247,fig-001684,1
21248,fig-001685,1
21249,fig-001686,1
21250,fig-001687,1
21251,fig-001688,1
21252,fig-001689,1
21256,fig-002467,1
21256,fig-002468,1
21256,fig-002469,1
21271,fig-001541,1
21271,fig-002212,1
21273,fig-001804,1
21273,fig-002175,1
21273,fig-002176,1
21276,fig-001690,1
21561,fig-001691,1
21572,fig-001692,1
21573,fig-001693,1
21574,fig-001694,1
21580,fig-001695,1
21581,fig-001696,1
21582,fig-001697,1
21583,fig-001698,1
21584,fig-001699,1
21585,fig-001700,1
21586,fig-001701,1
21587,fig-001702,1
21588,fig-001703,1
21589,fig-001704,1
21590,fig-001705,1
21591,fig-001706,1
21592,fig-001707,1
21593,fig-001708,1
21594,fig-001709,1
21596,fig-001710,1
21597,fig-001711,1
21598,fig-001712,1
21599,fig-001713,1
21648,fig-000456,1
21648,fig-002336,1
21711,fig-001714,1
21712,fig-001715,1
21848,fig-001716,1
21862,fig-000840,1
21862,fig-002446,1
21862,fig-002447,1
21862,fig-002448,1
21874,fig-001717,1
21877,fig-001718,1
21934,fig-002454,1
21934,fig-002455,1
22011,fig-001719,1
22047,fig-001720,1
22176,fig-001721,1
22525,fig-001053,1
22545,fig-001722,1
22660,fig-000967,1
22660,fig-002440,1
22683,fig-002256,2
22683,fig-002257,1
22687,fig-001723,1
22689,fig-001724,1
22740,fig-001407,4
22793,fig-001725,1
22834,fig-001726,1
22837,fig-001727,1
22839,fig-001728,1
22935,fig-001729,1
23048,fig-001730,1
23049,fig-001731,1
23051,fig-000020,1
23052,fig-001732,1
23053,fig-001733,1
23055,fig-001734,1
23057,fig-001735,1
23137,fig-001818,1
23137,fig-002060,1
23211,fig-001736,1
23214,fig-001737,1
23215,fig-001738,1
23216,fig-001739,1
23217,fig-001740,1
23218,fig-001741,1
23219,fig-001742,1
23220,fig-001743,1
23221,fig-001744,1
23222,fig-001745,1
23223,fig-001746,1
23224,fig-001747,1
23225,fig-001748,1
23226,fig-001749,1
23227,fig-001750,1
23228,fig-001751,1
23229,fig-001752,1
23230,fig-001753,1
23309,fig-001580,1
23335,fig-000861,1
23351,fig-002134,1
23351,fig-002553,1
23351,fig-002554,1
23359,fig-001754,1
23360,fig-001755,1
23361,fig-001756,1
23362,fig-001674,1
23363,fig-001673,1
23366,fig-001759,1
23368,fig-001760,1
23369,fig-001761,1
23388,fig-001762,1
23411,fig-000462,1
23461,fig-001763,1
23464,fig-001764,1
23478,fig-001765,1
23480,fig-001766,1
23481,fig-001767,1
23483,fig-001768,1
23484,fig-001769,1
23486,fig-001770,1
23514,fig-001771,1
23520,fig-001772,1
23523,fig-001773,1
23544,fig-001774,1
23545,fig-001775,1
23583,fig-001776,1
23596,fig-001777,1
23718,fig-001778,1
23869,fig-001779,1
23929,fig-001730,1
24143,fig-001780,1
24326,fig-001755,1
24327,fig-001756,1
24328,fig-002619,1
24328,fig-002620,1
24330,fig-001782,1
24331,fig-002623,1
24331,fig-002624,1
24332,fig-002639,1
24332,fig-002642,1
24332,fig-002643,1
24333,fig-002630,1
24333,fig-002631,1
24333,fig-002632,1
24333,fig-002633,1
24334,fig-002625,1
24334,fig-002626,1
24345,fig-001783,1
24357,fig-001667,1
24357,fig-002616,1
24357,fig-002629,1
24374,fig-001690,1
24374,fig-002729,1
24618,fig-001784,1
24619,fig-001672,1
24619,fig-001673,1
24619,fig-001755,1
24629,fig-001785,1
24631,fig-002560,1
24631,fig-002561,1
24643,fig-001786,1
24648,fig-001787,1
24650,fig-001788,1
24665,fig-001789,1
24666,fig-001790,1
24667,fig-001791,1
24678,fig-001980,1
24678,fig-002188,1
24678,fig-002190,1
24700,fig-001792,1
24709,fig-001793,1
24815,fig-000061,1
25197,fig-001794,1
25217,fig-000675,1
25223,fig-001795,1
25224,fig-001796,1
25229,fig-001660,1
25303,fig-002060,1
25303,fig-002131,1
25304,fig-002060,1
25304,fig-002131,1
25411,fig-001797,1
25480,fig-001798,1
25484,fig-001799,1
25488,fig-001800,1
25489,fig-001801,1
25492,fig-001802,1
25493,fig-002638,1
25493,fig-002639,1
25522,fig-001803,1
25523,fig-001804,1
25524,fig-001805,1
25525,fig-001806,1
25529,fig-001807,1
25530,fig-001808,1
25531,fig-001809,1
25532,fig-001810,1
25572,fig-001811,1
25806,fig-002267,1
25806,fig-002277,1
26038,fig-001201,1
26048,fig-001812,1
26118,fig-000187,2
26124,fig-001813,1
26211,fig-001814,1
26316,fig-001815,1
26317,fig-001816,1
26338,fig-000884,1
26366,fig-001817,1
26549,fig-001818,1
26552,fig-001819,1
26554,fig-001820,1
26696,fig-001821,1
26699,fig-001822,1
26701,fig-001823,1
26702,fig-001824,1
26703,fig-001825,1
26704,fig-001826,1
26705,fig-001827,1
26706,fig-001828,1
26707,fig-001829,1
26709,fig-001830,1
26710,fig-001831,1
26711,fig-001832,1
26712,fig-001833,1
26713,fig-001834,1
26714,fig-001835,1
26715,fig-001836,1
26716,fig-001837,1
26717,fig-001838,1
26718,fig-001839,1
26720,fig-001840,1
26721,fig-001841,1
26722,fig-001842,1
26960,fig-000977,1
26988,fig-001843,1
27047,fig-001844,1
27208,fig-000014,1
27219,fig-001845,1
27257,fig-001846,1
27338,fig-001847,1
27339,fig-001848,1
27369,fig-001849,1
27371,fig-001850,1
27373,fig-001851,1
27374,fig-001852,1
27375,fig-001853,1
27376,fig-001854,1
27377,fig-001855,1
27449,fig-000871,1
27449,fig-000877,1
27449,fig-002763,1
27451,fig-001856,1
27626,fig-001857,1
27752,fig-001858,1
27753,fig-001859,1
27908,fig-001860,1
27911,fig-000334,1
27914,fig-001861,1
27916,fig-001862,1
27919,fig-001863,1
27920,fig-001761,1
27921,fig-000447,1
27930,fig-001864,1
27932,fig-000447,1
27933,fig-002474,1
27934,fig-001865,1
27936,fig-001366,1
27938,fig-000879,1
27939,fig-001490,1
27940,fig-001307,1
27942,fig-000878,1
27943,fig-001179,1
27945,fig-001332,1
27947,fig-001866,1
27948,fig-002466,1
27949,fig-001867,1
27950,fig-001865,1
27951,fig-002513,1
27952,fig-001868,1
27953,fig-001869,1
27954,fig-000010,1
27956,fig-001870,1
27957,fig-001871,1
27958,fig-001872,1
27964,fig-001873,1
27965,fig-001874,1
28035,fig-001875,1
28038,fig-000675,1
28058,fig-000111,1
28066,fig-002473,1
28069,fig-001876,1
28071,fig-001877,1
28072,fig-001170,1
28073,fig-001878,1
28074,fig-001879,1
28075,fig-001880,1
28076,fig-001881,1
28077,fig-001882,1
28092,fig-001883,1
28094,fig-001884,1
28095,fig-001885,1
28096,fig-001886,1
28097,fig-001887,1
28098,fig-001888,1
28100,fig-002531,1
28101,fig-001889,1
28102,fig-001890,1
28103,fig-001891,1
28104,fig-001887,1
28162,fig-001892,1
28265,fig-001893,1
28288,fig-001894,1
28298,fig-001895,1
28511,fig-001896,1
28665,fig-001906,1
28665,fig-002508,1
28665,fig-002559,1
28998,fig-001897,1
29028,fig-002333,1
29034,fig-001898,1
29279,fig-001899,1
29412,fig-001900,1
29658,fig-001901,1
29659,fig-001902,1
29660,fig-001903,1
29666,fig-001904,1
29668,fig-001905,1
29670,fig-001906,1
29679,fig-001907,1
29725,fig-001723,1
29773,fig-000979,1
29778,fig-001799,1
30005,fig-001908,1
30030,fig-002555,1
30031,fig-001909,1
30034,fig-002555,1
30036,fig-001910,1
30037,fig-001908,1
30040,fig-001911,1
30061,fig-001926,1
30061,fig-001928,1
30063,fig-001926,1
30063,fig-001929,1
30063,fig-002733,1
30063,fig-002734,1
30064,fig-001926,1
30064,fig-001927,1
30064,fig-001928,1
30064,fig-001929,1
30064,fig-002085,1
30064,fig-002582,1
30064,fig-002731,1
30064,fig-002732,1
30066,fig-001912,1
30091,fig-001913,1
30093,fig-002057,1
30093,fig-002542,1
30120,fig-000137,1
30175,fig-002668,1
30175,fig-002669,1
30175,fig-002670,1
30176,fig-001755,1
30177,fig-001756,1
30178,fig-001673,1
30179,fig-001672,1
30180,fig-001914,1
30181,fig-002654,1
30181,fig-002655,1
30182,fig-001915,1
30183,fig-001916,1
30184,fig-001917,1
30185,fig-002650,1
30185,fig-002651,1
30186,fig-001918,1
30187,fig-002671,1
30187,fig-002672,1
30188,fig-002677,1
30188,fig-002678,1
30189,fig-002646,1
30189,fig-002647,1
30190,fig-001919,1
30209,fig-001920,1
30258,fig-001921,1
30259,fig-001922,1
30260,fig-001923,1
30267,fig-001924,1
30268,fig-001925,1
30269,fig-001926,1
30270,fig-001927,1
30271,fig-001928,1
30272,fig-001929,1
30273,fig-002085,1
30273,fig-002582,1
30274,fig-002085,1
30322,fig-001930,1
30342,fig-000042,1
30427,fig-001931,1
30552,fig-001932,1
30681,fig-001933,1
30690,fig-001934,1
30699,fig-001935,1
30701,fig-001936,1
30861,fig-001937,1
30862,fig-001938,1
30936,fig-000209,1
30938,fig-001939,1
30944,fig-000406,1
30946,fig-001940,1
30977,fig-002727,1
31014,fig-001941,1
31015,fig-001942,1
31017,fig-001943,1
31047,fig-001944,1
31049,fig-000516,1
31157,fig-001808,1
31288,fig-001945,1
31289,fig-001946,1
31291,fig-001947,1
31356,fig-001948,1
31507,fig-001949,1
31575,fig-001950,1
31690,fig-001951,1
31692,fig-001952,1
31696,fig-001953,1
31700,fig-001087,1
31707,fig-001954,1
31732,fig-001955,2
31769,fig-001956,1
31817,fig-000447,1
31817,fig-002511,1
31839,fig-001957,1
31840,fig-001958,1
31841,fig-001959,1
31842,fig-001960,1
31843,fig-001961,1
31844,fig-001962,1
31845,fig-001963,1
31846,fig-001964,1
31847,fig-001965,1
31849,fig-001966,1
31850,fig-001967,1
31851,fig-001968,1
31852,fig-001969,1
31853,fig-001970,1
31854,fig-001971,1
31855,fig-001972,1
31856,fig-001973,1
31857,fig-001974,1
31859,fig-001975,1
31976,fig-001908,1
32012,fig-001976,1
32102,fig-001977,1
32226,fig-001978,1
32236,fig-001979,1
32297,fig-001980,1
32298,fig-001908,1
32323,fig-002333,1
32323,fig-002441,1
32323,fig-002443,1
32389,fig-001981,1
32531,fig-001982,1
32632,fig-001983,1
32634,fig-001984,1
32686,fig-001985,1
32746,fig-001986,1
32824,fig-002432,1
32824,fig-002433,1
32910,fig-001987,1
33130,fig-001078,1
33343,fig-001988,1
33466,fig-001989,1
33528,fig-001990,1
33557,fig-000636,1
33760,fig-001991,1
33841,fig-001992,1
34080,fig-001993,1
34081,fig-001994,1
34082,fig-001995,1
34083,fig-001996,1
34084,fig-001997,1
34085,fig-001998,1
34086,fig-001999,1
34087,fig-002000,1
34088,fig-002001,1
34089,fig-002002,1
34090,fig-002003,1
34091,fig-002004,1
34092,fig-002005,1
34093,fig-002006,1
34094,fig-002007,1
34095,fig-002008,1
34096,fig-002009,1
34097,fig-002010,1
34119,fig-002011,1
34188,fig-002198,1
34188,fig-002202,1
34188,fig-002203,1
34188,fig-002204,1
34386,fig-000299,1
34387,fig-002012,1
34426,fig-002013,1
34471,fig-001302,1
34471,fig-002222,1
34473,fig-002014,1
34474,fig-002015,1
34534,fig-002016,1
34537,fig-002017,1
34538,fig-002018,1
34726,fig-002019,1
34743,fig-002020,1
34824,fig-002021,1
34828,fig-001770,1
34848,fig-001761,1
34849,fig-002022,1
34876,fig-002023,1
34877,fig-002024,1
34878,fig-002730,1
34879,fig-002140,1
34900,fig-002025,1
34980,fig-002146,1
34980,fig-002662,1
34980,fig-002663,1
34981,fig-002026,1
35005,fig-002027,1
35033,fig-002144,1
35033,fig-002656,1
35033,fig-002657,1
35033,fig-002658,1
35033,fig-002659,1
35033,fig-002660,1
35033,fig-002661,1
35034,fig-002644,1
35034,fig-002645,1
35035,fig-002652,1
35035,fig-002653,1
35036,fig-002675,1
35036,fig-002676,1
35037,fig-002666,1
35037,fig-002667,1
35038,fig-002106,1
35038,fig-002679,1
35039,fig-001672,1
35039,fig-001673,1
35060,fig-002665,1
35060,fig-002673,1
35060,fig-002674,1
35061,fig-002664,1
35061,fig-002665,1
35062,fig-002648,1
35062,fig-002649,1
35063,fig-002674,1
35099,fig-002029,1
35100,fig-002030,1
35101,fig-002031,1
35102,fig-002032,1
35103,fig-002033,1
35184,fig-002034,1
35212,fig-002035,1
35216,fig-002036,1
35217,fig-001274,1
35268,fig-002037,1
35274,fig-002038,1
35317,fig-002039,1
35365,fig-002040,1
35419,fig-002041,1
35468,fig-002042,1
35703,fig-002026,1
35733,fig-002043,1
35736,fig-002044,1
35862,fig-001818,1
35863,fig-002045,1
36005,fig-002046,1
36077,fig-002047,1
36078,fig-000581,1
36163,fig-001566,1
36327,fig-002048,1
36332,fig-002049,1
36439,fig-001002,1
36469,fig-002050,1
36567,fig-002051,1
36568,fig-002052,1
36575,fig-001546,1
36600,fig-002053,1
36617,fig-002054,1
36721,fig-002055,1
36762,fig-000775,1
36873,fig-002056,1
36906,fig-002057,1
36967,fig-002058,1
37165,fig-002059,1
37351,fig-001818,1
37357,fig-002060,1
37424,fig-002061,1
37531,fig-002555,1
37532,fig-002062,1
37533,fig-002063,1
37707,fig-002064,1
37801,fig-001585,1
37810,fig-002065,1
37855,fig-002066,1
37864,fig-001870,1
38066,fig-002067,1
38075,fig-002068,1
38812,fig-002069,1
38828,fig-000062,2
38829,fig-000062,2
38830,fig-000062,1
38831,fig-000062,5
38833,fig-000062,1
38834,fig-000062,1
38835,fig-000107,1
38836,fig-000062,1
38837,fig-000062,2
38838,fig-000107,1
38840,fig-000062,1
38841,fig-000062,1
38961,fig-000065,1
38998,fig-002070,1
38999,fig-002071,1
39000,fig-002072,1
39001,fig-002073,1
39002,fig-002074,1
39003,fig-002075,1
39004,fig-002076,1
39005,fig-002077,1
39006,fig-002078,1
39007,fig-002079,1
39008,fig-002080,1
39009,fig-002081,1
39010,fig-002082,1
39011,fig-002083,1
39012,fig-002084,1
39226,fig-002085,1
39237,fig-002086,1
39238,fig-002685,1
39238,fig-002686,1
39251,fig-002045,1
39790,fig-002087,1
39807,fig-002087,1
39833,fig-002088,1
39839,fig-002089,1
39912,fig-002090,1
39913,fig-002091,1
39914,fig-002092,1
39916,fig-002093,1
40304,fig-002094,1
40398,fig-002095,1
40488,fig-002096,1
40531,fig-000248,1
40723,fig-000817,1
40826,fig-002097,1
40922,fig-002098,1
40966,fig-002099,1
41005,fig-000620,1
41286,fig-002100,1
41413,fig-002015,1
41416,fig-001846,1
41555,fig-001050,1
41751,fig-002101,1
42045,fig-001514,1
42228,fig-002102,1
42437,fig-002103,1
42439,fig-002104,1
42460,fig-002629,1
42461,fig-002713,1
42461,fig-002714,1
42462,fig-002719,1
42462,fig-002720,1
42463,fig-002701,1
42463,fig-002702,1
42463,fig-002706,1
42464,fig-002653,1
42464,fig-002715,1
42464,fig-002716,1
42465,fig-002707,1
42465,fig-002708,1
42465,fig-002709,1
42467,fig-002106,1
42468,fig-002717,1
42468,fig-002718,1
42470,fig-002085,1
42478,fig-002107,1
42479,fig-002108,1
42485,fig-002109,1
42486,fig-002110,1
42487,fig-002111,1
42488,fig-002680,1
42489,fig-002112,1
42490,fig-002113,1
42491,fig-002114,1
42501,fig-000006,1
42501,fig-000007,1
42502,fig-002115,1
42522,fig-002116,1
42590,fig-002698,1
42590,fig-002700,1
42604,fig-002117,1
42620,fig-002118,1
42722,fig-002100,1
42723,fig-002119,1
42724,fig-002120,1
42726,fig-002121,1
42731,fig-001669,1
42769,fig-002776,1
42774,fig-002122,1
42836,fig-002123,1
42910,fig-002124,1
42968,fig-002125,1
43283,fig-002710,1
43283,fig-002712,1
43364,fig-002126,1
43484,fig-002127,1
43594,fig-000425,1
43595,fig-002128,1
43596,fig-002113,1
43609,fig-002332,1
43611,fig-002129,1
43697,fig-002130,1
43839,fig-002131,1
43844,fig-002132,1
43989,fig-000365,1
43990,fig-000365,1
44067,fig-002133,1
44094,fig-000448,1
44101,fig-002024,1
44190,fig-002134,1
44626,fig-002135,1
45016,fig-001818,1
45076,fig-002136,1
45400,fig-002137,1
45437,fig-002138,1
45514,fig-002139,1
45794,fig-002140,1
45890,fig-002141,1
46354,fig-002114,1
46550,fig-002381,1
46550,fig-002382,1
46550,fig-002383,1
46550,fig-002384,1
46550,fig-002385,1
46856,fig-001938,1
47268,fig-002023,1
47369,fig-002142,1
47370,fig-002143,1
47371,fig-002144,1
47372,fig-002145,1
47373,fig-002146,1
47630,fig-002147,1
47656,fig-002041,1
48429,fig-002148,1
48430,fig-002149,1
48564,fig-002150,1
48882,fig-002151,1
49167,fig-002152,1
49590,fig-002153,1
49596,fig-002055,1
50023,fig-002142,1
50024,fig-002143,1
50026,fig-002144,1
50027,fig-002145,1
50028,fig-002146,1
50093,fig-002142,1
50094,fig-002142,1
50095,fig-002142,1
50097,fig-002143,1
50098,fig-002143,1
50099,fig-002143,1
50100,fig-002144,1
50101,fig-002144,1
50102,fig-002144,1
50103,fig-002145,1
50104,fig-002145,1
50105,fig-002145,1
50106,fig-002146,1
50107,fig-002146,1
50108,fig-002146,1
50169,fig-000811,1
50253,fig-002111,1
50254,fig-002111,1
50255,fig-002111,1
50256,fig-002111,1
50257,fig-002110,1
50258,fig-002110,1
50259,fig-002110,1
50260,fig-002110,1
50261,fig-002109,1
50262,fig-002109,1
50263,fig-002109,1
50264,fig-002109,1
50266,fig-002680,1
50267,fig-002680,1
50268,fig-002680,1
50270,fig-002680,1
50271,fig-002112,1
50272,fig-002112,1
50273,fig-002112,1
50274,fig-002112,1
50631,fig-002155,1
